ID,"POST ID",Title,"SUP Meta Key","SUP Value"
2125,4,Disclaimer,,
2126,4,Disclaimer,,
2127,4,Disclaimer,,
2128,4,Disclaimer,,
2129,10,"Earnings Disclaimer",,
2130,10,"Earnings Disclaimer",,
2131,10,"Earnings Disclaimer",,
2132,10,"Earnings Disclaimer",,
2141,13,"Terms of Service",,
2142,13,"Terms of Service",,
2143,13,"Terms of Service",,
2144,13,"Terms of Service",,
2137,15,"Privacy Policy",,
2138,15,"Privacy Policy",,
2139,15,"Privacy Policy",,
2140,15,"Privacy Policy",,
2121,21,Directory,,
2122,21,Directory,,
2123,21,Directory,,
2124,21,Directory,,
1717,125,"SEO Services in Abbeville AL 36310",,
1718,125,"SEO Services in Abbeville AL 36310",,
1719,125,"SEO Services in Abbeville AL 36310",,
1720,125,"SEO Services in Abbeville AL 36310",,
1721,1,"SEO Services in Abernant AL 35440",,
1722,1,"SEO Services in Abernant AL 35440",,
1723,1,"SEO Services in Abernant AL 35440",,
1724,1,"SEO Services in Abernant AL 35440",,
1725,2,"SEO Services in Adamsville AL 35005",,
1726,2,"SEO Services in Adamsville AL 35005",,
1727,2,"SEO Services in Adamsville AL 35005",,
1728,2,"SEO Services in Adamsville AL 35005",,
1729,3,"SEO Services in Addison AL 35540",,
1730,3,"SEO Services in Addison AL 35540",,
1731,3,"SEO Services in Addison AL 35540",,
1732,3,"SEO Services in Addison AL 35540",,
1733,5,"SEO Services in Akron AL 35441",,
1734,5,"SEO Services in Akron AL 35441",,
1735,5,"SEO Services in Akron AL 35441",,
1736,5,"SEO Services in Akron AL 35441",,
1737,6,"SEO Services in Alabaster AL 35007",,
1738,6,"SEO Services in Alabaster AL 35007",,
1739,6,"SEO Services in Alabaster AL 35007",,
1740,6,"SEO Services in Alabaster AL 35007",,
1741,7,"SEO Services in Alberta AL 36720",,
1742,7,"SEO Services in Alberta AL 36720",,
1743,7,"SEO Services in Alberta AL 36720",,
1744,7,"SEO Services in Alberta AL 36720",,
1745,8,"SEO Services in Albertville AL 35950",,
1746,8,"SEO Services in Albertville AL 35950",,
1747,8,"SEO Services in Albertville AL 35950",,
1748,8,"SEO Services in Albertville AL 35950",,
1749,9,"SEO Services in Alexander City AL 35010",,
1750,9,"SEO Services in Alexander City AL 35010",,
1751,9,"SEO Services in Alexander City AL 35010",,
1752,9,"SEO Services in Alexander City AL 35010",,
1753,11,"SEO Services in Aliceville AL 35442",,
1754,11,"SEO Services in Aliceville AL 35442",,
1755,11,"SEO Services in Aliceville AL 35442",,
1756,11,"SEO Services in Aliceville AL 35442",,
1757,12,"SEO Services in Allgood AL 35013",,
1758,12,"SEO Services in Allgood AL 35013",,
1759,12,"SEO Services in Allgood AL 35013",,
1760,12,"SEO Services in Allgood AL 35013",,
1761,14,"SEO Services in Alpine AL 35014",,
1762,14,"SEO Services in Alpine AL 35014",,
1763,14,"SEO Services in Alpine AL 35014",,
1764,14,"SEO Services in Alpine AL 35014",,
1765,16,"SEO Services in Altoona AL 35952",,
1766,16,"SEO Services in Altoona AL 35952",,
1767,16,"SEO Services in Altoona AL 35952",,
1768,16,"SEO Services in Altoona AL 35952",,
1769,17,"SEO Services in Andalusia AL 36420",,
1770,17,"SEO Services in Andalusia AL 36420",,
1771,17,"SEO Services in Andalusia AL 36420",,
1772,17,"SEO Services in Andalusia AL 36420",,
1773,18,"SEO Services in Anderson AL 35610",,
1774,18,"SEO Services in Anderson AL 35610",,
1775,18,"SEO Services in Anderson AL 35610",,
1776,18,"SEO Services in Anderson AL 35610",,
1777,19,"SEO Services in Anniston AL 36201",,
1778,19,"SEO Services in Anniston AL 36201",,
1779,19,"SEO Services in Anniston AL 36201",,
1780,19,"SEO Services in Anniston AL 36201",,
1781,20,"SEO Services in Arab AL 35016",,
1782,20,"SEO Services in Arab AL 35016",,
1783,20,"SEO Services in Arab AL 35016",,
1784,20,"SEO Services in Arab AL 35016",,
1785,22,"SEO Services in Ariton AL 36311",,
1786,22,"SEO Services in Ariton AL 36311",,
1787,22,"SEO Services in Ariton AL 36311",,
1788,22,"SEO Services in Ariton AL 36311",,
1789,23,"SEO Services in Arley AL 35541",,
1790,23,"SEO Services in Arley AL 35541",,
1791,23,"SEO Services in Arley AL 35541",,
1792,23,"SEO Services in Arley AL 35541",,
1793,24,"SEO Services in Arlington AL 36722",,
1794,24,"SEO Services in Arlington AL 36722",,
1795,24,"SEO Services in Arlington AL 36722",,
1796,24,"SEO Services in Arlington AL 36722",,
1797,25,"SEO Services in Ashford AL 36312",,
1798,25,"SEO Services in Ashford AL 36312",,
1799,25,"SEO Services in Ashford AL 36312",,
1800,25,"SEO Services in Ashford AL 36312",,
1801,26,"SEO Services in Ashland AL 36251",,
1802,26,"SEO Services in Ashland AL 36251",,
1803,26,"SEO Services in Ashland AL 36251",,
1804,26,"SEO Services in Ashland AL 36251",,
1805,27,"SEO Services in Ashville AL 35953",,
1806,27,"SEO Services in Ashville AL 35953",,
1807,27,"SEO Services in Ashville AL 35953",,
1808,27,"SEO Services in Ashville AL 35953",,
1809,28,"SEO Services in Athens AL 35611",,
1810,28,"SEO Services in Athens AL 35611",,
1811,28,"SEO Services in Athens AL 35611",,
1812,28,"SEO Services in Athens AL 35611",,
1813,29,"SEO Services in Atmore AL 36502",,
1814,29,"SEO Services in Atmore AL 36502",,
1815,29,"SEO Services in Atmore AL 36502",,
1816,29,"SEO Services in Atmore AL 36502",,
1817,30,"SEO Services in Attalla AL 35954",,
1818,30,"SEO Services in Attalla AL 35954",,
1819,30,"SEO Services in Attalla AL 35954",,
1820,30,"SEO Services in Attalla AL 35954",,
1821,31,"SEO Services in Auburn AL 36830",,
1822,31,"SEO Services in Auburn AL 36830",,
1823,31,"SEO Services in Auburn AL 36830",,
1824,31,"SEO Services in Auburn AL 36830",,
1825,32,"SEO Services in Autaugaville AL 36003",,
1826,32,"SEO Services in Autaugaville AL 36003",,
1827,32,"SEO Services in Autaugaville AL 36003",,
1828,32,"SEO Services in Autaugaville AL 36003",,
1829,33,"SEO Services in Axis AL 36505",,
1830,33,"SEO Services in Axis AL 36505",,
1831,33,"SEO Services in Axis AL 36505",,
1832,33,"SEO Services in Axis AL 36505",,
1833,34,"SEO Services in Baileyton AL 35019",,
1834,34,"SEO Services in Baileyton AL 35019",,
1835,34,"SEO Services in Baileyton AL 35019",,
1836,34,"SEO Services in Baileyton AL 35019",,
1837,35,"SEO Services in Banks AL 36005",,
1838,35,"SEO Services in Banks AL 36005",,
1839,35,"SEO Services in Banks AL 36005",,
1840,35,"SEO Services in Banks AL 36005",,
1841,36,"SEO Services in Bankston AL 35542",,
1842,36,"SEO Services in Bankston AL 35542",,
1843,36,"SEO Services in Bankston AL 35542",,
1844,36,"SEO Services in Bankston AL 35542",,
1845,37,"SEO Services in Bay Minette AL 36507",,
1846,37,"SEO Services in Bay Minette AL 36507",,
1847,37,"SEO Services in Bay Minette AL 36507",,
1848,37,"SEO Services in Bay Minette AL 36507",,
1849,38,"SEO Services in Bayou La Batre AL 36509",,
1850,38,"SEO Services in Bayou La Batre AL 36509",,
1851,38,"SEO Services in Bayou La Batre AL 36509",,
1852,38,"SEO Services in Bayou La Batre AL 36509",,
1853,39,"SEO Services in Bear Creek AL 35543",,
1854,39,"SEO Services in Bear Creek AL 35543",,
1855,39,"SEO Services in Bear Creek AL 35543",,
1856,39,"SEO Services in Bear Creek AL 35543",,
1857,40,"SEO Services in Beatrice AL 36425",,
1858,40,"SEO Services in Beatrice AL 36425",,
1859,40,"SEO Services in Beatrice AL 36425",,
1860,40,"SEO Services in Beatrice AL 36425",,
1861,41,"SEO Services in Beaverton AL 35544",,
1862,41,"SEO Services in Beaverton AL 35544",,
1863,41,"SEO Services in Beaverton AL 35544",,
1864,41,"SEO Services in Beaverton AL 35544",,
1865,42,"SEO Services in Belk AL 35545",,
1866,42,"SEO Services in Belk AL 35545",,
1867,42,"SEO Services in Belk AL 35545",,
1868,42,"SEO Services in Belk AL 35545",,
1869,43,"SEO Services in Bellamy AL 36901",,
1870,43,"SEO Services in Bellamy AL 36901",,
1871,43,"SEO Services in Bellamy AL 36901",,
1872,43,"SEO Services in Bellamy AL 36901",,
1873,44,"SEO Services in Belle Mina AL 35615",,
1874,44,"SEO Services in Belle Mina AL 35615",,
1875,44,"SEO Services in Belle Mina AL 35615",,
1876,44,"SEO Services in Belle Mina AL 35615",,
1877,45,"SEO Services in Bellwood AL 36313",,
1878,45,"SEO Services in Bellwood AL 36313",,
1879,45,"SEO Services in Bellwood AL 36313",,
1880,45,"SEO Services in Bellwood AL 36313",,
1881,46,"SEO Services in Berry AL 35546",,
1882,46,"SEO Services in Berry AL 35546",,
1883,46,"SEO Services in Berry AL 35546",,
1884,46,"SEO Services in Berry AL 35546",,
1885,47,"SEO Services in Bessemer AL 35020",,
1886,47,"SEO Services in Bessemer AL 35020",,
1887,47,"SEO Services in Bessemer AL 35020",,
1888,47,"SEO Services in Bessemer AL 35020",,
1889,48,"SEO Services in Billingsley AL 36006",,
1890,48,"SEO Services in Billingsley AL 36006",,
1891,48,"SEO Services in Billingsley AL 36006",,
1892,48,"SEO Services in Billingsley AL 36006",,
1893,49,"SEO Services in Birmingham AL 35201",,
1894,49,"SEO Services in Birmingham AL 35201",,
1895,49,"SEO Services in Birmingham AL 35201",,
1896,49,"SEO Services in Birmingham AL 35201",,
1897,50,"SEO Services in Black AL 36314",,
1898,50,"SEO Services in Black AL 36314",,
1899,50,"SEO Services in Black AL 36314",,
1900,50,"SEO Services in Black AL 36314",,
1901,51,"SEO Services in Blountsville AL 35031",,
1902,51,"SEO Services in Blountsville AL 35031",,
1903,51,"SEO Services in Blountsville AL 35031",,
1904,51,"SEO Services in Blountsville AL 35031",,
1905,52,"SEO Services in Boaz AL 35956",,
1906,52,"SEO Services in Boaz AL 35956",,
1907,52,"SEO Services in Boaz AL 35956",,
1908,52,"SEO Services in Boaz AL 35956",,
1909,53,"SEO Services in Boligee AL 35443",,
1910,53,"SEO Services in Boligee AL 35443",,
1911,53,"SEO Services in Boligee AL 35443",,
1912,53,"SEO Services in Boligee AL 35443",,
1913,54,"SEO Services in Bon Air AL 35032",,
1914,54,"SEO Services in Bon Air AL 35032",,
1915,54,"SEO Services in Bon Air AL 35032",,
1916,54,"SEO Services in Bon Air AL 35032",,
1917,55,"SEO Services in Bon Secour AL 36511",,
1918,55,"SEO Services in Bon Secour AL 36511",,
1919,55,"SEO Services in Bon Secour AL 36511",,
1920,55,"SEO Services in Bon Secour AL 36511",,
1921,56,"SEO Services in Booth AL 36008",,
1922,56,"SEO Services in Booth AL 36008",,
1923,56,"SEO Services in Booth AL 36008",,
1924,56,"SEO Services in Booth AL 36008",,
1925,57,"SEO Services in Boykin AL 36723",,
1926,57,"SEO Services in Boykin AL 36723",,
1927,57,"SEO Services in Boykin AL 36723",,
1928,57,"SEO Services in Boykin AL 36723",,
1929,58,"SEO Services in Brantley AL 36009",,
1930,58,"SEO Services in Brantley AL 36009",,
1931,58,"SEO Services in Brantley AL 36009",,
1932,58,"SEO Services in Brantley AL 36009",,
1933,59,"SEO Services in Bremen AL 35033",,
1934,59,"SEO Services in Bremen AL 35033",,
1935,59,"SEO Services in Bremen AL 35033",,
1936,59,"SEO Services in Bremen AL 35033",,
1937,60,"SEO Services in Brent AL 35034",,
1938,60,"SEO Services in Brent AL 35034",,
1939,60,"SEO Services in Brent AL 35034",,
1940,60,"SEO Services in Brent AL 35034",,
1941,61,"SEO Services in Brewton AL 36426",,
1942,61,"SEO Services in Brewton AL 36426",,
1943,61,"SEO Services in Brewton AL 36426",,
1944,61,"SEO Services in Brewton AL 36426",,
1945,62,"SEO Services in Bridgeport AL 35740",,
1946,62,"SEO Services in Bridgeport AL 35740",,
1947,62,"SEO Services in Bridgeport AL 35740",,
1948,62,"SEO Services in Bridgeport AL 35740",,
1949,63,"SEO Services in Brierfield AL 35035",,
1950,63,"SEO Services in Brierfield AL 35035",,
1951,63,"SEO Services in Brierfield AL 35035",,
1952,63,"SEO Services in Brierfield AL 35035",,
1953,64,"SEO Services in Brilliant AL 35548",,
1954,64,"SEO Services in Brilliant AL 35548",,
1955,64,"SEO Services in Brilliant AL 35548",,
1956,64,"SEO Services in Brilliant AL 35548",,
1957,65,"SEO Services in Brooklyn AL 36429",,
1958,65,"SEO Services in Brooklyn AL 36429",,
1959,65,"SEO Services in Brooklyn AL 36429",,
1960,65,"SEO Services in Brooklyn AL 36429",,
1961,66,"SEO Services in Brookside AL 35036",,
1962,66,"SEO Services in Brookside AL 35036",,
1963,66,"SEO Services in Brookside AL 35036",,
1964,66,"SEO Services in Brookside AL 35036",,
1965,67,"SEO Services in Brookwood AL 35444",,
1966,67,"SEO Services in Brookwood AL 35444",,
1967,67,"SEO Services in Brookwood AL 35444",,
1968,67,"SEO Services in Brookwood AL 35444",,
1969,68,"SEO Services in Brownsboro AL 35741",,
1970,68,"SEO Services in Brownsboro AL 35741",,
1971,68,"SEO Services in Brownsboro AL 35741",,
1972,68,"SEO Services in Brownsboro AL 35741",,
1973,69,"SEO Services in Brundidge AL 36010",,
1974,69,"SEO Services in Brundidge AL 36010",,
1975,69,"SEO Services in Brundidge AL 36010",,
1976,69,"SEO Services in Brundidge AL 36010",,
1977,70,"SEO Services in Bryant AL 35958",,
1978,70,"SEO Services in Bryant AL 35958",,
1979,70,"SEO Services in Bryant AL 35958",,
1980,70,"SEO Services in Bryant AL 35958",,
1981,71,"SEO Services in Bucks AL 36512",,
1982,71,"SEO Services in Bucks AL 36512",,
1983,71,"SEO Services in Bucks AL 36512",,
1984,71,"SEO Services in Bucks AL 36512",,
1985,72,"SEO Services in Buhl AL 35446",,
1986,72,"SEO Services in Buhl AL 35446",,
1987,72,"SEO Services in Buhl AL 35446",,
1988,72,"SEO Services in Buhl AL 35446",,
1989,73,"SEO Services in Burnwell AL 35038",,
1990,73,"SEO Services in Burnwell AL 35038",,
1991,73,"SEO Services in Burnwell AL 35038",,
1992,73,"SEO Services in Burnwell AL 35038",,
1993,74,"SEO Services in Butler AL 36904",,
1994,74,"SEO Services in Butler AL 36904",,
1995,74,"SEO Services in Butler AL 36904",,
1996,74,"SEO Services in Butler AL 36904",,
1997,75,"SEO Services in Bynum AL 36253",,
1998,75,"SEO Services in Bynum AL 36253",,
1999,75,"SEO Services in Bynum AL 36253",,
2000,75,"SEO Services in Bynum AL 36253",,
2001,76,"SEO Services in Calera AL 35040",,
2002,76,"SEO Services in Calera AL 35040",,
2003,76,"SEO Services in Calera AL 35040",,
2004,76,"SEO Services in Calera AL 35040",,
2005,77,"SEO Services in Calvert AL 36513",,
2006,77,"SEO Services in Calvert AL 36513",,
2007,77,"SEO Services in Calvert AL 36513",,
2008,77,"SEO Services in Calvert AL 36513",,
2009,78,"SEO Services in Camden AL 36726",,
2010,78,"SEO Services in Camden AL 36726",,
2011,78,"SEO Services in Camden AL 36726",,
2012,78,"SEO Services in Camden AL 36726",,
2013,79,"SEO Services in Camp Hill AL 36850",,
2014,79,"SEO Services in Camp Hill AL 36850",,
2015,79,"SEO Services in Camp Hill AL 36850",,
2016,79,"SEO Services in Camp Hill AL 36850",,
2017,80,"SEO Services in Campbell AL 36727",,
2018,80,"SEO Services in Campbell AL 36727",,
2019,80,"SEO Services in Campbell AL 36727",,
2020,80,"SEO Services in Campbell AL 36727",,
2021,81,"SEO Services in Capshaw AL 35742",,
2022,81,"SEO Services in Capshaw AL 35742",,
2023,81,"SEO Services in Capshaw AL 35742",,
2024,81,"SEO Services in Capshaw AL 35742",,
2025,82,"SEO Services in Carbon Hill AL 35549",,
2026,82,"SEO Services in Carbon Hill AL 35549",,
2027,82,"SEO Services in Carbon Hill AL 35549",,
2028,82,"SEO Services in Carbon Hill AL 35549",,
2029,83,"SEO Services in Cardiff AL 35041",,
2030,83,"SEO Services in Cardiff AL 35041",,
2031,83,"SEO Services in Cardiff AL 35041",,
2032,83,"SEO Services in Cardiff AL 35041",,
2033,84,"SEO Services in Carrollton AL 35447",,
2034,84,"SEO Services in Carrollton AL 35447",,
2035,84,"SEO Services in Carrollton AL 35447",,
2036,84,"SEO Services in Carrollton AL 35447",,
2037,85,"SEO Services in Castleberry AL 36432",,
2038,85,"SEO Services in Castleberry AL 36432",,
2039,85,"SEO Services in Castleberry AL 36432",,
2040,85,"SEO Services in Castleberry AL 36432",,
2041,86,"SEO Services in Catherine AL 36728",,
2042,86,"SEO Services in Catherine AL 36728",,
2043,86,"SEO Services in Catherine AL 36728",,
2044,86,"SEO Services in Catherine AL 36728",,
2045,87,"SEO Services in Cecil AL 36013",,
2046,87,"SEO Services in Cecil AL 36013",,
2047,87,"SEO Services in Cecil AL 36013",,
2048,87,"SEO Services in Cecil AL 36013",,
2049,88,"SEO Services in Cedar Bluff AL 35959",,
2050,88,"SEO Services in Cedar Bluff AL 35959",,
2051,88,"SEO Services in Cedar Bluff AL 35959",,
2052,88,"SEO Services in Cedar Bluff AL 35959",,
2053,89,"SEO Services in Centre AL 35960",,
2054,89,"SEO Services in Centre AL 35960",,
2055,89,"SEO Services in Centre AL 35960",,
2056,89,"SEO Services in Centre AL 35960",,
2057,90,"SEO Services in Centreville AL 35042",,
2058,90,"SEO Services in Centreville AL 35042",,
2059,90,"SEO Services in Centreville AL 35042",,
2060,90,"SEO Services in Centreville AL 35042",,
2061,91,"SEO Services in Chancellor AL 36316",,
2062,91,"SEO Services in Chancellor AL 36316",,
2063,91,"SEO Services in Chancellor AL 36316",,
2064,91,"SEO Services in Chancellor AL 36316",,
2065,92,"SEO Services in Chapman AL 36015",,
2066,92,"SEO Services in Chapman AL 36015",,
2067,92,"SEO Services in Chapman AL 36015",,
2068,92,"SEO Services in Chapman AL 36015",,
2069,93,"SEO Services in Chatom AL 36518",,
2070,93,"SEO Services in Chatom AL 36518",,
2071,93,"SEO Services in Chatom AL 36518",,
2072,93,"SEO Services in Chatom AL 36518",,
2073,94,"SEO Services in Chelsea AL 35043",,
2074,94,"SEO Services in Chelsea AL 35043",,
2075,94,"SEO Services in Chelsea AL 35043",,
2076,94,"SEO Services in Chelsea AL 35043",,
2077,95,"SEO Services in Cherokee AL 35616",,
2078,95,"SEO Services in Cherokee AL 35616",,
2079,95,"SEO Services in Cherokee AL 35616",,
2080,95,"SEO Services in Cherokee AL 35616",,
2081,96,"SEO Services in Childersburg AL 35044",,
2082,96,"SEO Services in Childersburg AL 35044",,
2083,96,"SEO Services in Childersburg AL 35044",,
2084,96,"SEO Services in Childersburg AL 35044",,
2085,97,"SEO Services in Choccolocco AL 36254",,
2086,97,"SEO Services in Choccolocco AL 36254",,
2087,97,"SEO Services in Choccolocco AL 36254",,
2088,97,"SEO Services in Choccolocco AL 36254",,
2089,98,"SEO Services in Chunchula AL 36521",,
2090,98,"SEO Services in Chunchula AL 36521",,
2091,98,"SEO Services in Chunchula AL 36521",,
2092,98,"SEO Services in Chunchula AL 36521",,
2093,99,"SEO Services in Citronelle AL 36522",,
2094,99,"SEO Services in Citronelle AL 36522",,
2095,99,"SEO Services in Citronelle AL 36522",,
2096,99,"SEO Services in Citronelle AL 36522",,
2097,100,"SEO Services in Clanton AL 35045",,
2098,100,"SEO Services in Clanton AL 35045",,
2099,100,"SEO Services in Clanton AL 35045",,
2100,100,"SEO Services in Clanton AL 35045",,
2101,101,"SEO Services in Clay AL 35048",,
2102,101,"SEO Services in Clay AL 35048",,
2103,101,"SEO Services in Clay AL 35048",,
2104,101,"SEO Services in Clay AL 35048",,
2105,102,"SEO Services in Clayton AL 36016",,
2106,102,"SEO Services in Clayton AL 36016",,
2107,102,"SEO Services in Clayton AL 36016",,
2108,102,"SEO Services in Clayton AL 36016",,
2109,103,"SEO Services in Cleveland AL 35049",,
2110,103,"SEO Services in Cleveland AL 35049",,
2111,103,"SEO Services in Cleveland AL 35049",,
2112,103,"SEO Services in Cleveland AL 35049",,
2113,104,"SEO Services in Clinton AL 35448",,
2114,104,"SEO Services in Clinton AL 35448",,
2115,104,"SEO Services in Clinton AL 35448",,
2116,104,"SEO Services in Clinton AL 35448",,
2117,580,"About Us",,
2118,580,"About Us",,
2119,580,"About Us",,
2120,580,"About Us",,
2133,588,Home,,
2134,588,Home,,
2135,588,Home,,
2136,588,Home,,
2163,601,"Deeplink Test for Product Posttypes",,
2164,601,"Deeplink Test for Product Posttypes",,
2165,601,"Deeplink Test for Product Posttypes",,
2166,601,"Deeplink Test for Product Posttypes",,
